project,number of commits,number of authors,max time,min time,number of stars,number of forks,last commit date,LongestGapStart (YYYY-MM),LongestGapEnd (YYYY-MM),LongestGapLength (months),NumCommitsAfterLastGap,NumberOfGapsInTimeline,ActivityPattern,Before Themes,After Themes,HypothesizedGapReason,HasRecovered,WhyRecovered,WhoRecovered,Currentstatus,RecentThemes,Notes
BNUCNL/dnnbrain,1299,38,2024-11-20 19:32:59+00:00,2019-07-01 06:55:03+00:00,47,29,2024-11-07T03:03:48Z,2022-07,2024-09,27,7,2,declining,Documentation updates; Other (merge commits; tie),Feature development; Other (merge commits),No documented cause for the 860-day gap / pre-gap commits refined saliency documentation and updated NumPy. [PR #417](https://github.com/BNUCNL/dnnbrain/pull/417) / [June 2022 commit](https://github.com/BNUCNL/dnnbrain/commit/9c0756006a52b1e81619c7516a6ae498ffc36321).,"Yes, temporarily / feature commits resumed in October-November 2024, though activity did not continue to the cutoff.",Resumed commits added CLIP and an RSA module / evidence shows what work resumed but not why. [PR #419](https://github.com/BNUCNL/dnnbrain/pull/419) / [PR #420](https://github.com/BNUCNL/dnnbrain/pull/420).,"New contributors Blink621/colehank led feature changes, with Mint Zhou merging / pre-gap sample featured sunshineDrizzle/Xiayu Chen. [PR #417](https://github.com/BNUCNL/dnnbrain/pull/417) / [PR #420](https://github.com/BNUCNL/dnnbrain/pull/420).",Inactive,Feature development (CLIP/RSA) / Automated bot contributions (Dependabot).,"The longest observed gap runs from June 22, 2022, to October 29, 2024 (860 days) / commit messages and the nearby PRs do not establish why activity stopped. Activity resumed with CLIP and RSA feature work, driven by contributors not present in the small pre-gap sample, but the latest recorded activity by the September 30, 2025 cutoff was November 2024, so this project is **Inactive** by the requested rule."
cgre-aachen/gempy,4153,100,2025-11-05 16:14:43+00:00,2017-07-04 12:35:48+00:00,1345,281,2026-09-12T08:51:54Z,2024-01,2024-03,3,605,1,declining,Feature development; Bug fixes,"Other (refactoring, cleanup, tests); Feature development","No cause for the 112-day gap is documented. The final nearby pre-gap commit reformatted the README / later work resumed on tests, setup, and model behavior. [pre-gap commit](https://github.com/gempy-project/gempy/commit/ae586c31c7f1a3f4b9539f7e46b3738b80a7f211).",Yes / development resumed in April 2024 and continued through the 2025-09-30 cutoff.,"Post-gap commits include setup improvements, adapting tests, and reviving hard-sigmoid activation / these show renewed work, not the reason for the return. [April 2024 commit](https://github.com/gempy-project/gempy/commit/66e933078ff8d81c4140a405a7174d6aa6ea71c2) / [PR #877](https://github.com/gempy-project/gempy/pull/877).",Leguark contributed before and after the gap / agzimmerman and javoha joined subsequent PRs. [pre-gap](https://github.com/gempy-project/gempy/commit/ae586c31c7f1a3f4b9539f7e46b3738b80a7f211) / [post-gap](https://github.com/gempy-project/gempy/commit/66e933078ff8d81c4140a405a7174d6aa6ea71c2).,Active,"Feature development (optimizer, orientations, example model) / Bug fixes (mapping and tests).","The supplied history marks a 112-day gap from December 14, 2023, to April 4, 2024, but the messages and GitHub activity do not identify a cause for the pause. Development resumed with setup, testing, and model functionality work, initially by a prior contributor and then with additional contributors / commits continued through September 30, 2025, so the project is **Active** under the requested cutoff rule."
digantamisra98/Mish,2994,10,2026-04-08 10:16:08+00:00,2019-05-10 14:05:19+00:00,1298,128,2026-07-20T10:05:15Z,,,0,0,0,declining,Documentation updates; no distinct second theme,Documentation updates; no distinct second theme,"N/A active Project as of 2025-09-30: the 41-day longest gap falls later, from 2025-12-10 to 2026-01-20. Adjacent messages are same-maintainer README updates and do not explain the pause. [before](https://github.com/digantamisra98/Mish/commit/08ba7b034e1c7e94ff1936ab719ae594b5beaee3) / [after](https://github.com/digantamisra98/Mish/commit/f86aadf9857a4263e35ebeaec51744c23d6cece).","Yes, after the later short gap / README maintenance resumed in January 2026, after the status cutoff.",The same maintainer resumed README and citation-count updates / no commit or issue explains the brief pause. [January 2026 commit](https://github.com/digantamisra98/Mish/commit/f86aadf9857a4263e35ebeaec51744c23d6cece).,"Same maintainer, digantamisra98 (displayed as Xa9aX ツ), on both sides / no new recovery contributor is evident. [December 2025](https://github.com/digantamisra98/Mish/commit/08ba7b034e1c7e94ff1936ab719ae594b5beaee3) / [January 2026](https://github.com/digantamisra98/Mish/commit/f86aadf9857a4263e35ebeaec51744c23d6cece).",Active,Documentation updates (README and citation badge/count changes) / no distinct second theme.,"The longest gap in the supplied project history is December 10, 2025, to January 20, 2026, which falls after the requested September 30, 2025 status cutoff. As of the cutoff, the project was receiving frequent README updates by its existing maintainer and was **Active** / the later gap cannot be used to infer inactivity or a recovery reason at the cutoff."
e3nn/e3nn,4064,73,2025-10-14 10:55:47+00:00,2017-07-07 14:32:42+00:00,1287,188,2026-02-13T22:02:26Z,2024-02,2024-05,4,260,2,declining,Other (build/CI and generic merges); Documentation updates,Feature development; Other (cleanup and linting),"No stated cause for the 144-day gap. Nearby pre-gap work focused on packaging and CI, followed by a tensor-product feature PR. [pre-gap commit](https://github.com/e3nn/e3nn/commit/ac3528f7fb5fe1a8838f1df087d2eefe60d91ea8) / [PR #436](https://github.com/e3nn/e3nn/pull/436).","Yes / compile-related feature work resumed June 13, 2024 and continued through the cutoff.","PR #436 added FullTensorProductv2 support for torch.compile fullgraph mode / the PR describes feature intent, not the earlier quiet period. [PR #436](https://github.com/e3nn/e3nn/pull/436).",Mit Kotak led post-gap feature work / nearby pre-gap changes were by Saurav Maheshkar. [pre-gap](https://github.com/e3nn/e3nn/commit/ac3528f7fb5fe1a8838f1df087d2eefe60d91ea8) / [PR #436](https://github.com/e3nn/e3nn/pull/436).,Active,Feature development (filtering and slicing) / Bug fixes (filter corrections). Release/version updates also present.,"The longest observed gap is January 21 to June 13, 2024 (144 days), with no commit-message or PR evidence establishing why work paused. The post-gap activity added compile-compatible tensor-product functionality and was led by a different contributor from the last nearby pre-gap work, with continued feature and optimization commits through September 29, 2025 / the project is **Active** at the requested cutoff."
hectornieto/pyTSEB,435,21,2025-12-16 07:04:45+00:00,2016-01-14 15:39:36+00:00,171,75,2026-09-24T09:24:19Z,2017-01,2017-08,8,297,8,declining,Bug fixes; Feature development,Documentation updates; Feature development,No cause for the 283-day gap is documented. The last nearby pre-gap commit fixes array indexing for default G=0 / the first post-gap commit updates code from a development version. [before](https://github.com/hectornieto/pyTSEB/commit/ac3fe785ead3a9c4f09d773e00a9334f75f21fd0) / [after](https://github.com/hectornieto/pyTSEB/commit/34255961eb7384a02d85df3fcac1c1f9230b52f5).,Yes / code updates resumed in September 2017 and later commits continued through 2025.,"Post-gap changes refreshed development code, added an evapotranspiration module and dependencies, and fixed model/import issues. [post-gap update](https://github.com/hectornieto/pyTSEB/commit/34255961eb7384a02d85df3fcac1c1f9230b52f5) / [dependency update](https://github.com/hectornieto/pyTSEB/commit/d74e0c1392ef084fef6598b497c2db25a0ee38e1).","Hector/hectornieto returned, with Radoslaw Guzinski (radosuav), Jonas Sølvsteen, and later contributors also involved. [pre-gap](https://github.com/hectornieto/pyTSEB/commit/ac3fe785ead3a9c4f09d773e00a9334f75f21fd0) / [post-gap](https://github.com/hectornieto/pyTSEB/commit/34255961eb7384a02d85df3fcac1c1f9230b52f5).",Active,Bug fixes / scientific corrections (radiation and resistance calculations) / Dependency updates (Py6S and packaging).,"The 283-day gap runs from December 19, 2016, to September 28, 2017 / nearby messages show a bug fix before it and a code refresh after it, but do not explain the interruption. Development later included documentation, dependency, packaging, and model fixes, with both returning and additional contributors / the latest commit by September 30, 2025, was July 16, so the project is **Active** by the requested rule."
irods/irods,17069,118,2025-11-05 01:16:52+00:00,2012-01-12 15:55:57+00:00,482,146,2026-09-24T17:47:08Z,2023-12,2023-12,1,2323,0,U-shaped,Other (code cleanup and review); Documentation updates / Feature development (tie),Other (test-related changes); Documentation updates,"N/A active Project: the longest observed interval is 35 days in a high-volume ongoing maintenance history, not clear abandonment. Nearby work includes a completed issue-driven API change and help-text corrections. [issue #7376](https://github.com/irods/irods/issues/7376) / [post-gap change](https://github.com/irods/irods/commit/ecb14deb1db412f9b43a430b70d94180377de6a0).",N/A (no substantive inactivity period / routine activity continued).,"N/A active Project / commits immediately after the short interval cover help text, typos, tests, and API maintenance. [January 2024 commit](https://github.com/irods/irods/commit/ecb14deb1db412f9b43a430b70d94180377de6a0).","N/A active Project / Markus Kitsinger appears before and after, with Terrell Russell and Alan King in the following sample. [before](https://github.com/irods/irods/commit/4d84934a8c4d2eccf826394f231c0ad2e515e657) / [after](https://github.com/irods/irods/commit/ecb14deb1db412f9b43a430b70d94180377de6a0).",Active,Bug fixes / maintenance (service-account ownership and system-init behavior) / Other (repository and integration maintenance).,"The longest observed gap is only 35 days, from November 30, 2023, to January 4, 2024, and the surrounding work looks like routine issue-driven maintenance rather than clear abandonment. A pre-gap issue was closed with a feature change, while post-gap work continued documentation and testing / the same contributor appears on both sides alongside new contributors. With commits through September 26, 2025, iRODS is **Active** at the cutoff."
kosma/minmea,348,82,2025-11-03 12:33:43+00:00,2014-02-14 14:22:18+00:00,967,301,2026-09-20T12:04:00Z,2020-12,2022-04,17,123,11,declining,Other (merge commits); Documentation updates / Feature development (tie),Other (integration and repository housekeeping); Documentation updates,A plausible but unconfirmed explanation is that the GBS parser contribution remained under review/integration: PR #58 was opened at the start of the 543-day gap and merged at its end. This does not establish why review took so long. [PR #58](https://github.com/kosma/minmea/pull/58).,"Yes / parser and README changes landed in May 2022, followed by further maintenance and tests in 2025.",PR #58 added the GBS parser and PR #62 updated its README listing / neither states a recovery rationale. [PR #58](https://github.com/kosma/minmea/pull/58) / [PR #62](https://github.com/kosma/minmea/pull/62).,"Different contributors joined the post-gap sample: d-el submitted the parser, Chris Morgan merged it, and others were active later / pre-gap contributors included johnauld, Xavier Chapron, and Roman. [PR #58](https://github.com/kosma/minmea/pull/58) / [PR #62](https://github.com/kosma/minmea/pull/62).",Active,Bug fixes (sentence matching and test corrections) / Other (test and compatibility maintenance).,"The 543-day gap runs from November 23, 2020, to May 20, 2022 / an issue/PR trail shows a GBS parser PR opened at the start and merged at the end, but does not explain the long review interval. Activity resumed with parser and README changes, initially involving different contributors from the pre-gap sample, and a new contributor set was again active in 2025 / the latest commit by September 30, 2025, was September 11, making the project **Active**."
metagenomics/denbi-nanopore-training,878,8,2025-07-04 11:23:53+00:00,2017-11-07 11:43:29+00:00,21,12,2022-10-05T07:18:50Z,2022-11,2025-05,31,11,5,declining,Documentation updates; Other (merge commit),Other (merges and reverts); Documentation updates,"No cause for the 982-day gap is documented. The pre-gap merge concerned the 2020 COVID course / in June 2025 a 2019-course merge was immediately reverted, with later pages added on branch 2019. Default master remained at its October 2022 history. [PR #2](https://github.com/metagenomics/denbi-nanopore-training/pull/2) / [PR #3](https://github.com/metagenomics/denbi-nanopore-training/pull/3) / [PR #4](https://github.com/metagenomics/denbi-nanopore-training/pull/4).","Partial / branch-specific: branch 2019 activity resumed in 2025, but master had no recovery by the cutoff and the merge was reverted.","A 2019-course merge was attempted, reverted minutes later, and July commits added Bakta and EDGAR pages on branch 2019 / this is limited branch activity. [PR #3](https://github.com/metagenomics/denbi-nanopore-training/pull/3) / [PR #4](https://github.com/metagenomics/denbi-nanopore-training/pull/4) / [branches](https://github.com/metagenomics/denbi-nanopore-training/branches/all).",nkleinbo appears before and after / dwibberg is a new contributor on the July 2025 pages. [PR #2](https://github.com/metagenomics/denbi-nanopore-training/pull/2) / [branches](https://github.com/metagenomics/denbi-nanopore-training/branches/all).,Active,Documentation updates (Bakta/EDGAR training pages) / Other (branch merges and revert).,"The supplied project history has a 982-day gap from October 5, 2022, to June 13, 2025. GitHub evidence makes the apparent recovery branch-dependent: June 2025 merges and a July 2025 addition of course pages occurred on the `2019` branch, followed by a revert, while the default `master` branch remained at its 2022 history. Considering commits across branches, the project is **Active** by the requested cutoff / judging only the default branch would yield **Inactive**."
pekkosk/hotbit,922,18,2025-03-11 17:52:32+00:00,2008-09-04 12:49:35+00:00,69,35,2025-01-23T07:48:59Z,2013-09,2015-11,27,103,13,declining,Feature development; Bug fixes,Documentation updates; Other (build cleanup and test),"No issue, PR, or README statement found explaining the 846-day gap. At the return, pekkosk removed an unnecessary build artifact and later added parameters and README material / this does not establish why activity paused. [return commit](https://github.com/pekkosk/hotbit/commit/581d2ea35176b432648b83766cf65fa6078abbed) / [README commit](https://github.com/pekkosk/hotbit/commit/88411e35314446d856c336deebfd884c368a0865).","Yes, later: scientific bug fixes resumed in 2024-2025, but activity had stopped again by the cutoff.",Later commits fix orbital and energy-calculation bugs and update examples / messages show resumed maintenance but no explicit reason. [PR #34](https://github.com/pekkosk/hotbit/pull/34).,Original maintainer pekkosk/Pekka Koskinen returned / later work was driven by new contributors Markus Kari and Mohammad Bagheri. [return commit](https://github.com/pekkosk/hotbit/commit/581d2ea35176b432648b83766cf65fa6078abbed) / [PR #34](https://github.com/pekkosk/hotbit/pull/34).,Inactive,Bug fixes (orbital/energy calculations) / Documentation updates (examples).,"The 846-day gap runs from August 16, 2013, to December 10, 2015 / the returning maintainer resumed code/build and README work, but no issue or PR evidence explains the pause. Later commits by additional contributors fixed scientific-calculation bugs and updated examples, but the latest commit by September 30, 2025, was March 11, so the project is **Inactive** under the requested cutoff rule."
secure-compilation/different_traces,519,12,2025-05-08 04:31:40+00:00,2018-05-30 17:11:27+00:00,2,0,2025-05-08T04:31:40Z,2020-09,2025-04,56,1,2,declining,"Other (proof organization, formatting, and merges); Feature development",Documentation updates; no distinct second theme,"No cause for the 1,738-day gap is documented. Pre-gap work concerned formal proofs and README changes / the sole post-gap commit updates README contributor credits, with no issue/PR evidence explaining the silence. [pre-gap](https://github.com/secure-compilation/different_traces/commit/2319e1db2cc9ab1690badb04fc591d1744e1e09b) / [post-gap](https://github.com/secure-compilation/different_traces/commit/e74dd632057b846d5ebca273dc218de968de3279).",Partial (documentation-only activity): one README update landed in May 2025 / no code-development recovery is evidenced.,The May 2025 change mentions main contributors in README but gives no reason for the return or renewed code activity. [commit](https://github.com/secure-compilation/different_traces/commit/e74dd632057b846d5ebca273dc218de968de3279).,"Jérémy Thibault authored the post-gap README change with Carmine Abate as co-author / both appear in earlier history, so evidence points to returning contributors. [pre-gap](https://github.com/secure-compilation/different_traces/commit/2319e1db2cc9ab1690badb04fc591d1744e1e09b) / [post-gap](https://github.com/secure-compilation/different_traces/commit/e74dd632057b846d5ebca273dc218de968de3279).",Active,Documentation updates (README contributor credits) / no second theme evident (only one post-gap commit).,"The supplied history has a 1,738-day gap from August 4, 2020, to May 8, 2025, with no evidence identifying a technical or organizational cause. The only post-gap commit found updates README contributor credits and names a former contributor as co-author, so it shows a small maintenance return rather than demonstrated renewed code development / nevertheless, the latest commit is after April 1, 2025, making the project **Active** by the requested mechanical cutoff rule."
