Month,#Commits
2008-09,34
2008-10,64
2008-11,22
2008-12,16
2009-01,48
2009-02,40
2009-03,22
2009-04,20
2009-05,22
2009-06,52
2009-07,2
2009-08,32
2009-09,12
2009-10,2
2009-11,18
2009-12,10
2010-01,8
2010-02,22
2010-03,46
2010-04,76
2010-05,28
2010-06,48
2010-07,0
2010-08,4
2010-09,8
2010-10,8
2010-11,0
2010-12,0
2011-01,30
2011-02,2
2011-03,4
2011-04,0
2011-05,0
2011-06,0
2011-07,0
2011-08,10
2011-09,2
2011-10,0
2011-11,6
2011-12,2
2012-01,34
2012-02,55
2012-03,40
2012-04,71
2012-05,123
2012-06,72
2012-07,36
2012-08,17
2012-09,32
2012-10,44
2012-11,45
2012-12,46
2013-01,113
2013-02,180
2013-03,71
2013-04,57
2013-05,181
2013-06,45
2013-07,71
2013-08,64
2013-09,83
2013-10,232
2013-11,150
2013-12,154
2014-01,191
2014-02,176
2014-03,194
2014-04,101
2014-05,135
2014-06,131
2014-07,184
2014-08,351
2014-09,124
2014-10,76
2014-11,122
2014-12,152
2015-01,234
2015-02,172
2015-03,286
2015-04,302
2015-05,243
2015-06,144
2015-07,137
2015-08,123
2015-09,80
2015-10,39
2015-11,60
2015-12,114
2016-01,106
2016-02,192
2016-03,215
2016-04,308
2016-05,165
2016-06,31
2016-07,78
2016-08,43
2016-09,37
2016-10,111
2016-11,137
2016-12,23
2017-01,35
2017-02,29
2017-03,26
2017-04,50
2017-05,127
2017-06,53
2017-07,161
2017-08,206
2017-09,108
2017-10,103
2017-11,303
2017-12,65
2018-01,193
2018-02,209
2018-03,212
2018-04,265
2018-05,418
2018-06,286
2018-07,273
2018-08,147
2018-09,209
2018-10,252
2018-11,121
2018-12,90
2019-01,100
2019-02,269
2019-03,238
2019-04,208
2019-05,578
2019-06,453
2019-07,639
2019-08,541
2019-09,801
2019-10,474
2019-11,550
2019-12,138
2020-01,319
2020-02,471
2020-03,587
2020-04,648
2020-05,486
2020-06,178
2020-07,333
2020-08,293
2020-09,289
2020-10,273
2020-11,597
2020-12,204
2021-01,359
2021-02,432
2021-03,479
2021-04,351
2021-05,354
2021-06,160
2021-07,100
2021-08,217
2021-09,170
2021-10,223
2021-11,274
2021-12,160
2022-01,125
2022-02,227
2022-03,168
2022-04,248
2022-05,224
2022-06,101
2022-07,110
2022-08,156
2022-09,106
2022-10,239
2022-11,195
2022-12,216
2023-01,214
2023-02,109
2023-03,217
2023-04,155
2023-05,93
2023-06,101
2023-07,303
2023-08,330
2023-09,234
2023-10,107
2023-11,78
2023-12,27
2024-01,80
2024-02,142
2024-03,203
2024-04,254
2024-05,181
2024-06,331
2024-07,140
2024-08,64
2024-09,64
2024-10,85
2024-11,116
2024-12,113
2025-01,77
2025-02,291
2025-03,362
2025-04,319
2025-05,324
2025-06,49
2025-07,85
2025-08,131
2025-09,83
2025-10,47
2025-11,56
2025-12,3
2026-01,4
2026-02,6
2026-03,8
2026-04,2
