project,number of commits,number of authors,max time,min time,number of stars,number of forks,last commit date,LongestGapStart (YYYY-MM),LongestGapEnd (YYYY-MM),LongestGapLength (months),NumCommitsAfterLastGap,NumberOfGapsInTimeline,ActivityPattern
BNUCNL/dnnbrain,1299,38,2024-11-20 19:32:59+00:00,2019-07-01 06:55:03+00:00,47,29,2024-11-07T03:03:48Z,2022-07,2024-09,27,7,2,declining
cgre-aachen/gempy,4153,100,2025-11-05 16:14:43+00:00,2017-07-04 12:35:48+00:00,1345,281,2026-09-12T08:51:54Z,2024-01,2024-03,3,605,1,declining
digantamisra98/Mish,2994,10,2026-04-08 10:16:08+00:00,2019-05-10 14:05:19+00:00,1298,128,2026-07-20T10:05:15Z,,,0,0,0,declining
e3nn/e3nn,4064,73,2025-10-14 10:55:47+00:00,2017-07-07 14:32:42+00:00,1287,188,2026-02-13T22:02:26Z,2024-02,2024-05,4,260,2,declining
hectornieto/pyTSEB,435,21,2025-12-16 07:04:45+00:00,2016-01-14 15:39:36+00:00,171,75,2026-09-24T09:24:19Z,2017-01,2017-08,8,297,8,declining
irods/irods,17069,118,2025-11-05 01:16:52+00:00,2012-01-12 15:55:57+00:00,482,146,2026-09-24T17:47:08Z,2023-12,2023-12,1,2323,0,U-shaped
kosma/minmea,348,82,2025-11-03 12:33:43+00:00,2014-02-14 14:22:18+00:00,967,301,2026-09-20T12:04:00Z,2020-12,2022-04,17,123,11,declining
metagenomics/denbi-nanopore-training,878,8,2025-07-04 11:23:53+00:00,2017-11-07 11:43:29+00:00,21,12,2022-10-05T07:18:50Z,2022-11,2025-05,31,11,5,declining
pekkosk/hotbit,922,18,2025-03-11 17:52:32+00:00,2008-09-04 12:49:35+00:00,69,35,2025-01-23T07:48:59Z,2013-09,2015-11,27,103,13,declining
secure-compilation/different_traces,519,12,2025-05-08 04:31:40+00:00,2018-05-30 17:11:27+00:00,2,0,2025-05-08T04:31:40Z,2020-09,2025-04,56,1,2,declining
